{"cameraMode":{"drawMode":0,"name":"Shaded","section":"Shading Mode"},"sceneLighting":false,"audioPlay":false,"sceneViewState":{"showFog":false,"showMaterialUpdate":false,"showSkybox":false,"showFlares":false,"showImageEffects":false,"showParticleSystems":false},"in2DMode":false,"pivot":{"x":1.087790846824646,"y":1.138293981552124,"z":4.968234062194824},"rotation":{"x":-0.1512388437986374,"y":-0.008616656064987183,"z":0.0013461147900670767,"w":-0.9885821342468262},"size":4.205991268157959,"orthographic":false}