{"cameraMode":{"drawMode":0,"name":"Shaded","section":"Shading Mode"},"sceneLighting":true,"audioPlay":false,"sceneViewState":{"showFog":false,"showMaterialUpdate":false,"showSkybox":false,"showFlares":false,"showImageEffects":false,"showParticleSystems":false},"in2DMode":false,"pivot":{"x":3.569176435470581,"y":6.6722869873046879,"z":-9.095358848571778},"rotation":{"x":0.30419880151748659,"y":0.03773535415530205,"z":-0.012081503868103028,"w":0.9519155025482178},"size":32.060970306396487,"orthographic":false}