{"cameraMode":{"drawMode":0,"name":"Shaded","section":"Shading Mode"},"sceneLighting":true,"audioPlay":false,"sceneViewState":{"showFog":true,"showMaterialUpdate":false,"showSkybox":true,"showFlares":true,"showImageEffects":true,"showParticleSystems":true},"in2DMode":false,"pivot":{"x":37.80241394042969,"y":-50.07451248168945,"z":0.019028663635253907},"rotation":{"x":-0.3007866144180298,"y":-0.6620255708694458,"z":0.33114999532699587,"w":-0.6013355851173401},"size":129.5011444091797,"orthographic":false}