{"cameraMode":{"drawMode":0,"name":"Shaded","section":"Shading Mode"},"sceneLighting":false,"audioPlay":false,"sceneViewState":{"showFog":false,"showMaterialUpdate":false,"showSkybox":false,"showFlares":false,"showImageEffects":false,"showParticleSystems":false},"in2DMode":false,"pivot":{"x":-2.8386199474334719,"y":2.4842395782470705,"z":5.9035162925720219},"rotation":{"x":-0.2463829219341278,"y":0.05404720827937126,"z":-0.013707468286156655,"w":-0.9676924347877502},"size":6.895223617553711,"orthographic":false}