{"cameraMode":{"drawMode":0,"name":"Shaded","section":"Shading Mode"},"sceneLighting":false,"audioPlay":false,"sceneViewState":{"showFog":true,"showMaterialUpdate":false,"showSkybox":false,"showFlares":true,"showImageEffects":true,"showParticleSystems":true},"in2DMode":false,"pivot":{"x":-1.6816201210021973,"y":2.169464111328125,"z":0.51081782579422},"rotation":{"x":0.35959017276763918,"y":-0.6199482083320618,"z":0.38206592202186587,"w":0.5834759473800659},"size":16.998079299926759,"orthographic":false}