{"cameraMode":{"drawMode":0,"name":"Shaded","section":"Shading Mode"},"sceneLighting":true,"audioPlay":false,"sceneViewState":{"showFog":true,"showMaterialUpdate":false,"showSkybox":true,"showFlares":true,"showImageEffects":true,"showParticleSystems":true},"in2DMode":false,"pivot":{"x":-0.7058050632476807,"y":1.8040657043457032,"z":55.53266525268555},"rotation":{"x":-0.12595824897289277,"y":-0.020209170877933503,"z":0.0026390044949948789,"w":-0.9919297695159912},"size":111.81112670898438,"orthographic":false}