{"cameraMode":{"drawMode":0,"name":"Shaded","section":"Shading Mode"},"sceneLighting":true,"audioPlay":false,"sceneViewState":{"showFog":true,"showMaterialUpdate":false,"showSkybox":true,"showFlares":true,"showImageEffects":true,"showParticleSystems":true},"in2DMode":false,"pivot":{"x":-8.267277717590332,"y":6.851253509521484,"z":-6.738800048828125},"rotation":{"x":0.36242538690567019,"y":-0.011659105308353901,"z":0.003230959875509143,"w":0.9321306347846985},"size":44.01665496826172,"orthographic":false}