{"cameraMode":{"drawMode":0,"name":"Shaded","section":"Shading Mode"},"sceneLighting":true,"audioPlay":false,"sceneViewState":{"showFog":true,"showMaterialUpdate":false,"showSkybox":true,"showFlares":true,"showImageEffects":true,"showParticleSystems":true},"in2DMode":false,"pivot":{"x":15.41958999633789,"y":-55.90174102783203,"z":66.6238784790039},"rotation":{"x":-0.33464333415031435,"y":-0.14145603775978089,"z":0.05088610574603081,"w":-0.9302822947502136},"size":121.15653228759766,"orthographic":false}