{"cameraMode":{"drawMode":0,"name":"Shaded","section":"Shading Mode"},"sceneLighting":false,"audioPlay":false,"sceneViewState":{"showFog":false,"showMaterialUpdate":false,"showSkybox":false,"showFlares":false,"showImageEffects":false,"showParticleSystems":false},"in2DMode":false,"pivot":{"x":-1.2274507284164429,"y":1.8586947917938233,"z":4.963858604431152},"rotation":{"x":-0.20291556417942048,"y":-0.0012018216075375677,"z":0.0002178158756578341,"w":-0.979320764541626},"size":4.886826038360596,"orthographic":false}