{"cameraMode":{"drawMode":0,"name":"Shaded","section":"Shading Mode"},"sceneLighting":false,"audioPlay":false,"sceneViewState":{"showFog":true,"showMaterialUpdate":false,"showSkybox":false,"showFlares":true,"showImageEffects":true,"showParticleSystems":true},"in2DMode":false,"pivot":{"x":4.249454498291016,"y":-0.5908551216125488,"z":2.8937625885009767},"rotation":{"x":0.14789719879627229,"y":-0.6537707448005676,"z":0.13238108158111573,"w":0.7302427291870117},"size":7.943140506744385,"orthographic":false}