{"cameraMode":{"drawMode":0,"name":"Shaded","section":"Shading Mode"},"sceneLighting":true,"audioPlay":false,"sceneViewState":{"showFog":false,"showMaterialUpdate":false,"showSkybox":false,"showFlares":false,"showImageEffects":false,"showParticleSystems":false},"in2DMode":false,"pivot":{"x":0.6693871021270752,"y":1.1514091491699219,"z":-2.3104968070983888},"rotation":{"x":0.6583458781242371,"y":0.019645895808935167,"z":-0.017226295545697213,"w":0.7524282336235046},"size":31.186752319335939,"orthographic":false}