{"cameraMode":{"drawMode":0,"name":"Shaded","section":"Shading Mode"},"sceneLighting":true,"audioPlay":false,"sceneViewState":{"showFog":true,"showMaterialUpdate":false,"showSkybox":true,"showFlares":true,"showImageEffects":true,"showParticleSystems":true},"in2DMode":false,"pivot":{"x":-16.49270248413086,"y":2.458828926086426,"z":-13.204907417297364},"rotation":{"x":-0.29952242970466616,"y":-0.0571584552526474,"z":0.01999538019299507,"w":-0.9524146914482117},"size":45.37917709350586,"orthographic":false}