{"cameraMode":{"drawMode":0,"name":"Shaded","section":"Shading Mode"},"sceneLighting":true,"audioPlay":false,"sceneViewState":{"showFog":true,"showMaterialUpdate":false,"showSkybox":true,"showFlares":true,"showImageEffects":true,"showParticleSystems":true},"in2DMode":false,"pivot":{"x":3.1123616695404054,"y":-5.031273365020752,"z":7.27888298034668},"rotation":{"x":-0.4118627905845642,"y":-0.03629850968718529,"z":0.01650237664580345,"w":-0.9104971885681152},"size":28.968168258666993,"orthographic":false}