{"cameraMode":{"drawMode":0,"name":"Shaded","section":"Shading Mode"},"sceneLighting":false,"audioPlay":false,"sceneViewState":{"showFog":false,"showMaterialUpdate":false,"showSkybox":false,"showFlares":false,"showImageEffects":false,"showParticleSystems":false},"in2DMode":false,"pivot":{"x":2.092665672302246,"y":1.5850253105163575,"z":5.446770191192627},"rotation":{"x":-0.3526065945625305,"y":0.369079053401947,"z":-0.1537720263004303,"w":-0.8461943864822388},"size":4.586825847625732,"orthographic":false}